tee_id,course_id,facility_id,course_name,tee_name,tee_color,course_par_for_tee,rating,slope,hole1,hole2,hole3,hole4,hole5,hole6,hole7,hole8,hole9,hole10,hole11,hole12,hole13,hole14,hole15,hole16,hole17,hole18,total_distance,hole1_par,hole2_par,hole3_par,hole4_par,hole5_par,hole6_par,hole7_par,hole8_par,hole9_par,hole10_par,hole11_par,hole12_par,hole13_par,hole14_par,hole15_par,hole16_par,hole17_par,hole18_par,hole1_handicap,hole2_handicap,hole3_handicap,hole4_handicap,hole5_handicap,hole6_handicap,hole7_handicap,hole8_handicap,hole9_handicap,hole10_handicap,hole11_handicap,hole12_handicap,hole13_handicap,hole14_handicap,hole15_handicap,hole16_handicap,hole17_handicap,hole18_handicap
GBR-ESS-0067-01-01,GBR-ESS-0067-01,Langdon Hills Golf Club,Langdon,Blue,Blue,35,N/D,N/D,369,417,340,407,194,562,380,182,361,~,~,~,~,~,~,~,~,~,3212,4,4,4,4,3,5,4,3,4,~,~,~,~,~,~,~,~,~,16,4,14,8,18,12,2,10,6,~,~,~,~,~,~,~,~,~
GBR-ESS-0067-01-02,GBR-ESS-0067-01,Langdon Hills Golf Club,Langdon,White,White,35,34.9,122,369,417,340,407,173,482,380,182,350,~,~,~,~,~,~,~,~,~,3100,4,4,4,4,3,5,4,3,4,~,~,~,~,~,~,~,~,~,16,4,14,8,18,12,2,10,6,~,~,~,~,~,~,~,~,~
GBR-ESS-0067-01-03,GBR-ESS-0067-01,Langdon Hills Golf Club,Langdon,Yellow,Yellow,35,34.2,119,349,393,333,375,173,469,359,174,325,~,~,~,~,~,~,~,~,~,2950,4,4,4,4,3,5,4,3,4,~,~,~,~,~,~,~,~,~,16,4,14,8,18,12,2,10,6,~,~,~,~,~,~,~,~,~
GBR-ESS-0067-01-04,GBR-ESS-0067-01,Langdon Hills Golf Club,Langdon,Red (L),Red,36,35.2,111,342,398,319,339,136,431,353,152,297,~,~,~,~,~,~,~,~,~,2767,4,5,4,4,3,5,4,3,4,~,~,~,~,~,~,~,~,~,10,16,8,4,18,6,2,14,12,~,~,~,~,~,~,~,~,~
GBR-ESS-0067-02-01,GBR-ESS-0067-02,Langdon Hills Golf Club,Horndon,Blue,Blue,36,N/D,N/D,355,357,234,468,405,339,533,195,340,~,~,~,~,~,~,~,~,~,3226,4,4,3,5,4,4,5,3,4,~,~,~,~,~,~,~,~,~,9,17,15,7,3,13,1,5,11,~,~,~,~,~,~,~,~,~
GBR-ESS-0067-02-02,GBR-ESS-0067-02,Langdon Hills Golf Club,Horndon,White,White,36,N/D,N/D,336,325,159,468,358,339,494,195,318,~,~,~,~,~,~,~,~,~,2992,4,4,3,5,4,4,5,3,4,~,~,~,~,~,~,~,~,~,9,17,15,7,3,13,1,5,11,~,~,~,~,~,~,~,~,~
GBR-ESS-0067-02-03,GBR-ESS-0067-02,Langdon Hills Golf Club,Horndon,Yellow,Yellow,36,N/D,N/D,307,309,140,455,340,324,478,177,305,~,~,~,~,~,~,~,~,~,2835,4,4,3,5,4,4,5,3,4,~,~,~,~,~,~,~,~,~,9,17,15,7,3,13,1,5,11,~,~,~,~,~,~,~,~,~
GBR-ESS-0067-02-04,GBR-ESS-0067-02,Langdon Hills Golf Club,Horndon,Red (L),Red,36,34.5,113,300,290,124,416,317,296,417,156,274,~,~,~,~,~,~,~,~,~,2590,4,4,3,5,4,4,5,3,4,~,~,~,~,~,~,~,~,~,7,17,11,9,1,15,3,13,5,~,~,~,~,~,~,~,~,~
GBR-ESS-0067-03-01,GBR-ESS-0067-03,Langdon Hills Golf Club,Bulphan,Blue,Blue,37,N/D,N/D,511,472,553,317,162,445,504,194,454,~,~,~,~,~,~,~,~,~,3612,5,4,5,4,3,4,5,3,4,~,~,~,~,~,~,~,~,~,17,1,9,13,3,7,11,15,5,~,~,~,~,~,~,~,~,~
GBR-ESS-0067-03-02,GBR-ESS-0067-03,Langdon Hills Golf Club,Bulphan,White,White,37,36.8,133,511,404,553,317,162,412,504,165,454,~,~,~,~,~,~,~,~,~,3482,5,4,5,4,3,4,5,3,4,~,~,~,~,~,~,~,~,~,17,1,9,13,3,7,11,15,5,~,~,~,~,~,~,~,~,~
GBR-ESS-0067-03-03,GBR-ESS-0067-03,Langdon Hills Golf Club,Bulphan,Yellow,Yellow,37,35.9,127,491,400,495,310,144,394,495,141,396,~,~,~,~,~,~,~,~,~,3266,5,4,5,4,3,4,5,3,4,~,~,~,~,~,~,~,~,~,17,1,9,13,3,7,11,15,5,~,~,~,~,~,~,~,~,~
GBR-ESS-0067-03-04,GBR-ESS-0067-03,Langdon Hills Golf Club,Bulphan,Red (L),Red,38,37.2,137,475,387,475,292,120,341,480,140,396,~,~,~,~,~,~,~,~,~,3106,5,4,5,4,3,4,5,3,5,~,~,~,~,~,~,~,~,~,17,1,9,7,11,3,5,13,15,~,~,~,~,~,~,~,~,~
GBR-ESS-0067-04-01,GBR-ESS-0067-04,Langdon Hills Golf Club,Bulphan/Horndon,Blue,Blue,73,N/D,N/D,511,472,553,317,162,445,504,194,454,355,357,234,468,405,339,533,195,340,6838,5,4,5,4,3,4,5,3,4,4,4,3,5,4,4,5,3,4,18,2,10,14,4,8,12,16,6,9,17,15,7,3,13,1,5,11
GBR-ESS-0067-04-02,GBR-ESS-0067-04,Langdon Hills Golf Club,Bulphan/Horndon,White,White,73,71.7,123,511,404,553,317,162,412,504,165,454,336,325,159,468,358,339,494,195,318,6474,5,4,5,4,3,4,5,3,4,4,4,3,5,4,4,5,3,4,18,2,10,14,4,8,12,16,6,9,17,15,7,3,13,1,5,11
GBR-ESS-0067-04-03,GBR-ESS-0067-04,Langdon Hills Golf Club,Bulphan/Horndon,Yellow,Yellow,73,70.9,120,491,400,495,310,144,394,495,141,396,307,309,140,455,340,324,478,177,305,6101,5,4,5,4,3,4,5,3,4,4,4,3,5,4,4,5,3,4,18,2,10,14,4,8,12,16,6,9,17,15,7,3,13,1,5,11
GBR-ESS-0067-04-04,GBR-ESS-0067-04,Langdon Hills Golf Club,Bulphan/Horndon,Red (L),Red,74,71.7,119,475,387,475,292,120,341,480,140,396,300,290,124,416,317,296,417,156,274,5696,5,4,5,4,3,4,5,3,5,4,4,3,5,4,4,5,3,4,18,2,10,8,12,4,6,14,16,7,17,11,9,1,15,3,13,5
GBR-ESS-0067-05-01,GBR-ESS-0067-05,Langdon Hills Golf Club,Horndon/Langdon,Blue,Blue,71,N/D,N/D,355,357,234,468,405,339,533,195,340,369,417,340,407,194,562,380,182,361,6438,4,4,3,5,4,4,5,3,4,4,4,4,4,3,5,4,3,4,9,17,15,7,3,13,1,5,11,16,4,14,8,18,12,2,10,6
GBR-ESS-0067-05-02,GBR-ESS-0067-05,Langdon Hills Golf Club,Horndon/Langdon,White,White,71,69,117,336,325,159,468,358,339,494,195,318,369,417,340,407,173,482,380,182,350,6092,4,4,3,5,4,4,5,3,4,4,4,4,4,3,5,4,3,4,9,17,15,7,3,13,1,5,11,16,4,14,8,18,12,2,10,6
GBR-ESS-0067-05-03,GBR-ESS-0067-05,Langdon Hills Golf Club,Horndon/Langdon,Yellow,Yellow,71,68.2,115,307,309,140,455,340,324,478,177,305,349,393,333,375,173,469,359,174,325,5785,4,4,3,5,4,4,5,3,4,4,4,4,4,3,5,4,3,4,9,17,15,7,3,13,1,5,11,16,4,14,8,18,12,2,10,6
GBR-ESS-0067-05-04,GBR-ESS-0067-05,Langdon Hills Golf Club,Horndon/Langdon,Red (L),Red,72,69.7,112,300,290,124,416,317,296,417,156,274,342,398,319,339,136,431,353,152,297,5357,4,4,3,5,4,4,5,3,4,4,5,4,4,3,5,4,3,4,7,17,11,9,1,15,3,13,5,10,16,8,4,18,6,2,14,12
GBR-ESS-0067-06-01,GBR-ESS-0067-06,Langdon Hills Golf Club,Langdon/Bulphan,Blue,Blue,72,N/D,N/D,369,417,340,407,194,562,380,182,361,511,472,553,317,162,445,504,194,454,6824,4,4,4,4,3,5,4,3,4,5,4,5,4,3,4,5,3,4,16,4,14,8,18,12,2,10,6,17,1,9,13,3,7,11,15,5
GBR-ESS-0067-06-02,GBR-ESS-0067-06,Langdon Hills Golf Club,Langdon/Bulphan,White,White,72,71.7,128,369,417,340,407,173,482,380,182,350,511,404,553,317,162,412,504,165,454,6582,4,4,4,4,3,5,4,3,4,5,4,5,4,3,4,5,3,4,16,4,14,8,18,12,2,10,6,17,1,9,13,3,7,11,15,5
GBR-ESS-0067-06-03,GBR-ESS-0067-06,Langdon Hills Golf Club,Langdon/Bulphan,Yellow,Yellow,72,70.1,123,349,393,333,375,173,469,359,174,325,491,400,495,310,144,394,495,141,396,6216,4,4,4,4,3,5,4,3,4,5,4,5,4,3,4,5,3,4,16,4,14,8,18,12,2,10,6,17,1,9,13,3,7,11,15,5
GBR-ESS-0067-06-04,GBR-ESS-0067-06,Langdon Hills Golf Club,Langdon/Bulphan,Red (L),Red,74,74,128,342,398,319,339,136,431,353,152,297,475,387,475,292,120,341,480,140,396,5873,4,5,4,4,3,5,4,3,4,5,4,5,4,3,4,5,3,5,10,16,8,4,18,6,2,14,12,17,1,9,7,11,3,5,13,15
GBR-CMA-0034-01-01,GBR-CMA-0034-01,Windermere Golf Club,Windermere,White,White,67,66.1,118,310,225,249,380,316,355,372,159,270,199,263,363,317,143,186,459,355,201,5122,4,3,4,4,4,4,4,3,4,3,4,4,4,3,3,5,4,3,12,4,17,1,14,9,3,8,18,7,16,5,15,13,6,11,2,10
GBR-CMA-0034-01-02,GBR-CMA-0034-01,Windermere Golf Club,Windermere,Yellow,Yellow,67,65,115,303,211,238,354,304,344,366,148,259,194,211,353,313,130,175,445,343,195,4886,4,3,4,4,4,4,4,3,4,3,4,4,4,3,3,5,4,3,12,4,17,1,14,9,3,8,18,7,16,5,15,13,6,11,2,10
GBR-CMA-0034-01-03,GBR-CMA-0034-01,Windermere Golf Club,Windermere,Red (L),Red,70,67.6,121,299,204,233,343,296,331,352,130,242,172,204,298,283,124,152,434,299,152,4548,4,4,4,5,4,4,5,3,4,3,4,4,4,3,3,5,4,3,5,17,15,9,3,1,7,13,11,4,14,8,10,18,16,6,2,12
GBR-BDF-0027-01-01,GBR-BDF-0027-01,The Millbrook Golf Club,The Millbrook,Blue,Blue,72,74.3,133,452,592,459,239,441,426,174,589,308,188,321,457,425,372,531,164,354,432,6924,5,5,4,3,4,4,3,5,4,3,4,4,4,4,5,3,4,4,17,11,5,1,7,3,15,9,13,10,8,2,4,16,14,18,12,6
GBR-BDF-0027-01-02,GBR-BDF-0027-01,The Millbrook Golf Club,The Millbrook,White,White,74,73.3,135,449,572,450,280,417,381,170,577,286,188,312,467,409,366,514,157,330,421,6746,5,5,4,4,4,4,3,5,4,3,4,5,4,4,5,3,4,4,9,7,1,17,13,3,15,5,11,12,4,16,2,8,14,18,6,10
GBR-BDF-0027-01-03,GBR-BDF-0027-01,The Millbrook Golf Club,The Millbrook,Yellow,Yellow,74,71,132,428,552,415,261,378,349,166,555,267,119,286,446,373,342,500,148,321,384,6290,5,5,4,4,4,4,3,5,4,3,4,5,4,4,5,3,4,4,9,7,1,17,13,3,15,5,11,12,4,16,2,8,14,18,6,10
GBR-BDF-0027-01-04,GBR-BDF-0027-01,The Millbrook Golf Club,The Millbrook,Red (L),Red,74,74.1,131,399,491,402,224,357,323,166,498,199,109,164,347,384,348,475,146,314,393,5739,5,5,5,4,4,4,3,5,4,3,3,4,4,4,5,3,4,5,10,4,16,8,14,2,12,6,18,17,11,5,1,13,7,15,3,9
GBR-BDF-0017-01-01,GBR-BDF-0017-01,John O'Gaunt Golf Club,John O'Gaunt,White,White,71,72.1,130,283,416,369,173,444,466,331,381,504,190,362,338,452,354,427,157,479,409,6535,4,4,4,3,4,4,4,4,5,3,4,4,4,4,4,3,5,4,17,5,9,15,3,1,7,13,11,8,12,16,2,10,4,18,14,6
GBR-BDF-0017-01-02,GBR-BDF-0017-01,John O'Gaunt Golf Club,John O'Gaunt,White (L),White,77,78.1,144,283,416,369,173,444,466,331,381,504,190,362,338,452,354,427,157,479,409,6535,4,5,4,3,5,5,4,4,5,3,4,4,5,4,5,3,5,5,17,5,9,15,3,1,7,13,11,8,12,16,2,10,4,18,14,6
GBR-BDF-0017-01-03,GBR-BDF-0017-01,John O'Gaunt Golf Club,John O'Gaunt,Yellow,Yellow,71,70.9,127,276,388,360,164,429,454,322,372,492,180,351,328,442,341,420,146,471,395,6331,4,4,4,3,4,4,4,4,5,3,4,4,4,4,4,3,5,4,17,5,9,15,3,1,7,13,11,8,12,16,2,10,4,18,14,6
GBR-BDF-0017-01-04,GBR-BDF-0017-01,John O'Gaunt Golf Club,John O'Gaunt,Yellow (L),Yellow,75,77.1,139,276,388,360,164,429,454,322,372,492,180,351,328,442,341,420,146,471,395,6331,4,4,4,3,5,5,4,4,5,3,4,4,5,4,5,3,5,4,17,5,9,15,3,1,7,13,11,8,12,16,2,10,4,18,14,6
GBR-BDF-0017-01-05,GBR-BDF-0017-01,John O'Gaunt Golf Club,John O'Gaunt,Red,Red,71,68.4,123,270,326,268,144,420,438,309,340,444,154,301,318,430,321,399,135,409,341,5767,4,4,4,3,4,4,4,4,5,3,4,4,4,4,4,3,5,4,16,4,18,14,10,8,2,12,6,7,15,13,5,9,1,17,11,3
GBR-BDF-0017-01-06,GBR-BDF-0017-01,John O'Gaunt Golf Club,John O'Gaunt,Red (L),Red,74,74,129,270,326,268,144,420,438,309,340,444,154,301,318,430,321,399,135,409,341,5767,4,4,4,3,5,5,4,4,5,3,4,4,5,4,4,3,5,4,16,4,18,14,10,8,2,12,6,7,15,13,5,9,1,17,11,3
GBR-BDF-0017-02-01,GBR-BDF-0017-02,John O'Gaunt Golf Club,Carthagena,White,White,69,68.8,125,393,164,313,289,430,153,457,155,373,477,179,369,215,301,363,386,336,480,5833,4,3,4,4,4,3,4,3,4,5,3,4,3,4,4,4,4,5,5,10,16,13,3,17,1,18,7,15,6,12,4,14,8,2,9,11
GBR-BDF-0017-02-02,GBR-BDF-0017-02,John O'Gaunt Golf Club,Carthagena,Yellow,Yellow,69,67.9,122,381,153,301,278,419,141,448,142,362,464,166,359,205,293,353,375,325,470,5635,4,3,4,4,4,3,4,3,4,5,3,4,3,4,4,4,4,5,5,10,16,13,3,17,1,18,7,15,6,12,4,14,8,2,9,11
GBR-BDF-0017-02-03,GBR-BDF-0017-02,John O'Gaunt Golf Club,Carthagena,Red (L),Red,70,71.1,128,362,134,279,257,398,115,424,125,353,454,155,319,195,281,338,364,285,459,5297,4,3,4,4,4,3,5,3,4,5,3,4,3,4,4,4,4,5,4,16,12,10,2,18,8,14,6,3,9,15,11,17,7,1,13,5
GBR-SYK-0001-01-01,GBR-SYK-0001-01,Bawtry Golf Club,Bawtry,White,White,73,74,121,412,131,441,545,431,362,368,134,526,518,176,376,173,423,494,348,183,420,6461,4,4,4,4,4,4,5,3,4,5,3,5,5,4,3,4,4,4,5,18,3,9,1,11,7,17,13,10,16,4,14,2,8,12,15,6
GBR-SYK-0001-01-02,GBR-SYK-0001-01,Bawtry Golf Club,Bawtry,Yellow,Yellow,72,72.1,119,403,126,432,499,421,355,345,126,514,512,167,363,165,414,488,338,172,411,6251,4,4,4,4,4,4,5,3,4,4,3,5,5,4,3,4,4,4,5,18,3,9,1,11,7,17,13,10,16,4,14,2,8,12,15,6
GBR-SYK-0001-01-03,GBR-SYK-0001-01,Bawtry Golf Club,Bawtry,Red (L),Red,73,72.5,126,364,120,417,477,398,329,286,123,473,469,143,337,127,386,456,304,146,344,5699,4,4,4,4,4,4,5,3,4,5,3,5,5,4,3,4,4,4,5,18,3,9,1,11,7,17,13,10,16,4,14,2,8,12,15,6
GBR-TOF-0001-01-01,GBR-TOF-0001-01,Greenmeadow Golf and Country Club,Green Meadows,White,White,70,70.1,129,135,533,411,337,221,542,135,331,389,414,150,523,229,309,384,322,344,403,6112,3,5,4,4,3,5,3,4,4,4,3,5,3,4,4,4,4,4,18,8,2,15,10,4,17,13,6,5,14,3,9,16,1,11,12,7
GBR-TOF-0001-01-02,GBR-TOF-0001-01,Greenmeadow Golf and Country Club,Green Meadows,Yellow,Yellow,69,67.5,119,135,497,393,287,198,437,135,292,359,382,134,436,208,292,359,272,299,386,5501,3,5,4,4,3,4,3,4,4,4,3,5,3,4,4,4,4,4,18,8,2,15,10,4,17,13,6,5,14,3,9,16,1,11,12,7
GBR-TOF-0001-01-03,GBR-TOF-0001-01,Greenmeadow Golf and Country Club,Green Meadows,Yellow (L),Yellow,71,71.6,133,135,497,393,287,198,437,135,292,359,382,134,436,208,292,359,272,299,386,5501,3,5,4,4,3,5,3,4,4,4,3,5,3,4,4,4,4,5,18,8,2,16,12,6,14,10,4,3,17,1,9,11,5,7,15,13
GBR-TOF-0001-01-04,GBR-TOF-0001-01,Greenmeadow Golf and Country Club,Green Meadows,Red,Red,71,65.8,114,135,406,373,265,168,433,125,264,336,363,124,428,187,276,304,248,280,370,5085,3,5,4,4,3,5,3,4,4,4,3,5,3,4,4,4,4,5,18,8,2,16,12,6,14,10,4,3,17,1,9,11,5,7,15,13
GBR-TOF-0001-01-05,GBR-TOF-0001-01,Greenmeadow Golf and Country Club,Green Meadows,Red (L),Red,71,69.9,128,135,406,373,265,168,433,125,264,336,363,124,428,187,276,304,248,280,370,5085,3,5,4,4,3,5,3,4,4,4,3,5,3,4,4,4,4,5,18,8,2,16,12,6,14,10,4,3,17,1,9,11,5,7,15,13
GBR-TWR-0001-01-01,GBR-TWR-0001-01,Heworth Golf Club,Heworth,White,White,71,69.6,121,343,367,124,386,437,179,389,378,502,445,565,471,510,299,158,306,409,230,6498,4,4,3,4,4,3,4,4,5,4,5,4,5,4,3,4,4,3,10,8,18,6,2,14,4,12,16,5,7,1,13,17,11,15,3,9
GBR-TWR-0001-01-02,GBR-TWR-0001-01,Heworth Golf Club,Heworth,Yellow,Yellow,71,68.4,123,323,322,119,383,424,163,370,344,475,432,557,435,495,295,151,297,396,222,6203,4,4,3,4,4,3,4,4,5,4,5,4,5,4,3,4,4,3,10,8,18,6,2,14,4,12,16,5,7,1,13,17,11,15,3,9
GBR-TWR-0001-01-03,GBR-TWR-0001-01,Heworth Golf Club,Heworth,Red (L),Red,73,72,130,311,298,114,322,360,159,365,333,419,397,473,423,455,296,143,248,315,212,5643,4,4,3,4,4,3,4,4,5,4,5,5,5,4,3,4,4,4,6,12,18,10,2,16,4,9,8,3,1,14,5,11,13,15,7,17
GBR-TYR-0009-01-01,GBR-TYR-0009-01,Clogher Valley Golf Club,Clogher Valley,White - Front,White,34,31.2,101,316,325,73,276,251,160,334,139,440,~,~,~,~,~,~,~,~,~,2314,4,4,3,4,4,3,4,3,5,~,~,~,~,~,~,~,~,~,2,9,18,6,16,10,3,13,8,~,~,~,~,~,~,~,~,~
GBR-TYR-0009-01-02,GBR-TYR-0009-01,Clogher Valley Golf Club,Clogher Valley,White - Back,White,33,31,101,292,348,73,258,251,160,334,117,351,~,~,~,~,~,~,~,~,~,2184,4,4,3,4,4,3,4,3,4,~,~,~,~,~,~,~,~,~,7,5,17,12,14,11,4,15,1,~,~,~,~,~,~,~,~,~
GBR-VGL-0001-01-01,GBR-VGL-0001-01,Brynhill Golf Club,Brynhill,White,White,72,71.4,122,452,301,151,521,441,296,424,299,154,366,474,188,315,404,469,165,375,559,6354,4,4,3,5,4,4,4,4,3,4,5,3,4,4,5,3,4,5,5,15,11,7,1,13,3,17,9,12,16,8,2,4,18,14,6,10
GBR-VGL-0001-01-02,GBR-VGL-0001-01,Brynhill Golf Club,Brynhill,Yellow,Yellow,72,70,121,432,297,148,490,395,287,401,294,132,338,463,175,303,395,458,152,365,554,6079,4,4,3,5,4,4,4,4,3,4,5,3,4,4,5,3,4,5,5,15,11,7,1,13,3,17,9,12,16,8,2,4,18,14,6,10
GBR-VGL-0001-01-03,GBR-VGL-0001-01,Brynhill Golf Club,Brynhill,Red (L),Red,74,72.1,127,421,287,144,414,408,287,392,255,108,292,400,163,286,337,403,121,284,395,5397,5,4,3,5,5,4,4,4,3,4,5,3,4,4,5,3,4,5,5,11,13,1,9,3,7,15,17,10,8,12,2,4,16,14,6,18
GBR-WAR-0001-01-02,GBR-WAR-0001-01,Forest of Arden-Aylesford Golf Club,Forest of Arden-Aylesford,White,White,69,68.9,129,377,447,481,185,268,133,340,285,409,151,378,186,386,377,400,168,348,482,5801,4,4,5,3,4,3,4,4,4,3,4,3,4,4,4,3,4,5,8,2,12,10,18,16,6,14,4,13,3,11,1,7,5,17,15,9
GBR-WAR-0001-01-03,GBR-WAR-0001-01,Forest of Arden-Aylesford Golf Club,Forest of Arden-Aylesford,Yellow,Yellow,69,67.8,125,369,441,476,152,257,125,330,280,379,142,347,179,372,369,395,148,343,475,5579,4,4,5,3,4,3,4,4,4,3,4,3,4,4,4,3,4,5,8,2,12,10,18,16,6,14,4,13,3,11,1,7,5,17,15,9
GBR-WAR-0001-01-01,GBR-WAR-0001-01,Forest of Arden-Aylesford Golf Club,Forest of Arden-Aylesford,Red (L),Red,69,70.3,127,350,435,381,150,236,115,253,263,352,133,301,164,347,356,378,135,318,401,5068,4,5,4,3,4,3,4,4,4,3,4,3,4,4,4,3,4,5,6,8,2,14,18,16,12,10,4,9,7,15,1,5,3,17,13,11